Restaurant Name,Rating,Cuisine,Location
Soul Rasa,4.3 •,"Indian, Healthy Food, Home Food, South Indian, North Indian",Manikonda
Starbucks Coffee,4.3 •,"Beverages, Cafe, Snacks, Desserts, Bakery, Ice Cream",Jubilee Hills
Hotel Rumaan,4.2 •,"Biryani, Chinese, Indian, Kebabs, Tandoor",Tolichowki
Cafe Niloufer Premium Lounge,4.5 •,"Bakery, Beverages, Snacks, Desserts",Banjara Hills
Telangana Spice Kitchen,4.1 •,"Indian, Chinese",Jubilee Hills
EatFit,4.2 •,"Chinese, Healthy Food, Tandoor, Pizzas, North Indian, Thalis, Biryani",Jubilee Hils
Istah - The Mediterranean Way,4.3 •,"Mediterranean, Snacks, Biryani, Grill, Kebabs, Arabian, Lebanese, Beverages, Desserts, Italian, Turkish",Mega Hills
Heart Cup Coffee,4 •,"Continental, North Indian",Jubilee Hills
Vellanki Foods,4.5 •,"Sweets, Desserts",Jubilee Hills
Pizza Hut,3.9 •,Pizzas,Tolichowki
The Bowl Company,4.2 •,"Pan-Asian, Continental, North Indian, Desserts, American, Asian, Beverages, Biryani, Chinese, European, Grill, Hyderabadi, Indian, Italian, Kebabs, Lucknowi, Mediterranean, Mexican, Mughlai, Oriental, Pastas, Punjabi, Raja",Mega Hills
Subway,3.6 •,"Salads, Snacks, Desserts, Beverages",Jubilee Hills
Faasos - Wraps & Rolls,3.8 •,"Kebabs, Fast Food, Snacks, North Indian, American, Healthy Food, Desserts, Beverages",Shaikpet
Theobroma,4.4 •,Desserts,Jubilee Hills
The Good Bowl,3.8 •,"Biryani, North Indian, Pastas, Punjabi, Desserts, Beverages",Hitech City
California Burrito,4.5 •,"Mexican, American, Salads, Continental, Keto, Healthy Food",Madhapur
Tigerlily Bistro,4.2 •,"European, Asian, Italian, Continental, Pizzas, Burgers",Jubilee Hills
Ci Gusta!,4.2 •,"Italian, Desserts, Continental",Madhapur
Flying Spaghetti Monster,4.2 •,"Italian, Beverages, Pizzas",Jubilee Hills
Concu,4.5 •,"Cafe, Desserts, Beverages",Film Nagar
Big Bowl,3.7 •,"North Indian, Chinese, Tibetan, Desserts",Madhapur
Bakingo,4.3 •,Bakery,Tolichowki
Great Indian Khichdi by EatFit,4.1 •,"Indian, Home Food, Healthy Food, Snacks",Madhapur
Mehfil,4 •,"Biryani, North Indian, Tandoor, Chinese, Kebabs",Manikonda
Pista House Restaurant & Bakery,4 •,"Biryani, Hyderabadi, North Indian, Tandoor, Mughlai, Chinese, Bakery, Pizzas",Kondapur
Wendy's Burgers,3.7 •,"Burgers, American, Fast Food, Snacks, Beverages",Shaikpet
Telugu Medium,4.2 •,"North Indian, South Indian, Biryani, Chinese",Jubilee Hills
Soul Rasa,4.3 •,"Indian, Healthy Food, Home Food, South Indian, North Indian",Manikonda
Mandi @36,3.9 •,Arabian,Jubilee Hills
Lucky Multicuisine Restaurant,3.5 •,"Biryani, North Indian, Tandoor, South Indian",Madhapur
